category,archive_path,original_path,bytes,sha256
generated/answers,generated/answers/den10_otvety_i_akcenty.pdf,den10_otvety_i_akcenty.pdf,38053,57c1bce0b13dde6858638a56ace48bcced81012c9fa978beaf108816560f5550
generated/answers,generated/answers/den11_otvety_i_akcenty.pdf,den11_otvety_i_akcenty.pdf,51797,20d7baf52291416af784d8a1ac9bd827306ef00520e7f6a9edc7de91f5eac11c
generated/answers,generated/answers/den12_otvety_i_akcenty.pdf,den12_otvety_i_akcenty.pdf,70719,b610a63378847db137510eb93d3b062f6a3ad72b8188ba4e2ed8af0deef07d52
generated/answers,generated/answers/den13_otvety_i_akcenty.pdf,den13_otvety_i_akcenty.pdf,36612,d51515fbd4506a9c13905131a0e97e7008e02e50b9022cdeaee9e3bbd247c52f
generated/answers,generated/answers/den14_otvety_i_akcenty.pdf,den14_otvety_i_akcenty.pdf,51899,007d00d24f46048d0fb0ca15da2b1fdb40136554306503844cc4348879f40cc0
generated/answers,generated/answers/den15_otvety_i_akcenty.pdf,den15_otvety_i_akcenty.pdf,37246,736f036d06104d8c8db259305238833f9c00644145e81d55946109607ffb7487
generated/answers,generated/answers/den16_otvety_i_akcenty.pdf,den16_otvety_i_akcenty.pdf,50909,2fe8073f6d5bb1f2183c633bebd5d1e521beb2936b87c9cee233df52b7a3cb20
generated/answers,generated/answers/den17_otvety_i_akcenty.pdf,den17_otvety_i_akcenty.pdf,49871,c9864421feda23e9574efebcad4209a8f78df5bdaee28bcf39859f1322104550
generated/answers,generated/answers/den18_otvety_i_akcenty.pdf,den18_otvety_i_akcenty.pdf,50012,3e47aced3014a665fb2921412d781513714e214fee86fa4e8b5bf8851afee159
generated/answers,generated/answers/den19_otvety_i_akcenty.pdf,den19_otvety_i_akcenty.pdf,50103,a5159056243ac621ff222cf78ef6462fed07f4de012eb2bddad18116fdaa9837
generated/answers,generated/answers/den1_otvety_i_akcenty.pdf,den1_otvety_i_akcenty.pdf,54714,af1ee933af1442b802a90a4faf98a98766f4fdc7d2aa198dcd7850c3e752c75f
generated/answers,generated/answers/den20_otvety_i_akcenty.pdf,den20_otvety_i_akcenty.pdf,51396,c929571c740b93d629f65cf77f82e5d3bc726b016e3781c8913dbcd3dc95ed66
generated/answers,generated/answers/den21_otvety_i_akcenty.pdf,den21_otvety_i_akcenty.pdf,51613,1b1c9ead74dd98d863d6550853a188e10fd4082ac2e4ef60cb7bdfb00b667834
generated/answers,generated/answers/den22_otvety_i_akcenty.pdf,den22_otvety_i_akcenty.pdf,50651,b885567db89839342b77fc12db2ec0ce406e017062c2153d580210a92fd81240
generated/answers,generated/answers/den23_otvety_i_akcenty.pdf,den23_otvety_i_akcenty.pdf,52274,6816ea64ab009453900f9ea6bc582d2b89d5eb508fc968c53576bb9735a279dc
generated/answers,generated/answers/den24_otvety_i_akcenty.pdf,den24_otvety_i_akcenty.pdf,51403,a916e484b52b41d501211853981bea33b6edc164a11049b8fbeebe43f87639d1
generated/answers,generated/answers/den25_otvety_i_akcenty.pdf,den25_otvety_i_akcenty.pdf,50989,bb044da33dad875a7a8d0a73865ba481df01b8a885abec0302cb4f10a77d911c
generated/answers,generated/answers/den26_otvety_i_akcenty.pdf,den26_otvety_i_akcenty.pdf,50169,64aac8b88e69b8ade6a926871326bb12d8bf9ebcd3e9fb3b556ebe6302b10680
generated/answers,generated/answers/den27_otvety_i_akcenty.pdf,den27_otvety_i_akcenty.pdf,52997,e27c64cd2eeb92c72cf4de239cd279981d72a071f1b277a7a9b1b13495ad3261
generated/answers,generated/answers/den28_otvety_i_akcenty.pdf,den28_otvety_i_akcenty.pdf,51793,67a59d8cec0c6965e2c2199929a36a573c15e20ec6e507c889be4ff8887bf5e0
generated/answers,generated/answers/den29_otvety_i_akcenty.pdf,den29_otvety_i_akcenty.pdf,49868,6a040811b289fa21a6f12a54069717e22f0ae3e93d210e6892ed073de586daaa
generated/answers,generated/answers/den2_otvety_i_akcenty.pdf,den2_otvety_i_akcenty.pdf,35975,de74cbfa7cb02a08eb9a1cead5e40d1ecadc5db28768c113774e3fcc1afb87fb
generated/answers,generated/answers/den30_otvety_i_akcenty.pdf,den30_otvety_i_akcenty.pdf,52903,f3cdd0ace1183a75db85d7a0ed880394deee86de9b9b784aa5ef87488ecb79a6
generated/answers,generated/answers/den31_otvety_i_akcenty.pdf,den31_otvety_i_akcenty.pdf,51340,9aea71e9dd5af9f37b863545da9a513974111e871b0b4d5d7e34877d6f90660d
generated/answers,generated/answers/den32_otvety_i_akcenty.pdf,den32_otvety_i_akcenty.pdf,57320,89ecf0640276365769b88993e355670f476a66dd8c0409c162141277dfda25ea
generated/answers,generated/answers/den33_otvety_i_akcenty.pdf,den33_otvety_i_akcenty.pdf,71162,6b0360b5c8ebeb3ada240b1e1281ffd49994b8848998d187ed1bd1c5dd8a627b
generated/answers,generated/answers/den34_otvety_i_akcenty.pdf,den34_otvety_i_akcenty.pdf,51526,a9f3192e4d3bf0ceb6a0e423dd3cc9c670d8b1e384a9392cd0c46fc707a26f11
generated/answers,generated/answers/den35_otvety_i_akcenty.pdf,den35_otvety_i_akcenty.pdf,35992,9032cdf4bb8b6552b58342d57e5a2b88c6f4957093f48ebba98821730bd7d876
generated/answers,generated/answers/den36_otvety_i_akcenty.pdf,den36_otvety_i_akcenty.pdf,35242,b9eb07fe6c65b67e9ee3ee26bf8580bdfff4c5471f4738206a8a63956254d6dc
generated/answers,generated/answers/den37_otvety_i_akcenty.pdf,den37_otvety_i_akcenty.pdf,53096,8a642042e87685a73c413484a77e172f5002be8fe8998dbd3446588e84d48686
generated/answers,generated/answers/den38_otvety_i_akcenty.pdf,den38_otvety_i_akcenty.pdf,50617,30b0c132424b55ce0e36486864e79904a94815c5a90a5d82d4a54b55cd21d1a4
generated/answers,generated/answers/den39_otvety_i_akcenty.pdf,den39_otvety_i_akcenty.pdf,50792,4d15a984de7a9830fbcbdc7ff24f6d32a955d181e63ae1720b3c1bc188d55cf6
generated/answers,generated/answers/den3_otvety_i_akcenty.pdf,den3_otvety_i_akcenty.pdf,35489,d20ad1cce144dde818a69757183aeb1ae537d2485ab9703c3a167659734f58ee
generated/answers,generated/answers/den4_otvety_i_akcenty.pdf,den4_otvety_i_akcenty.pdf,36816,3b6daa5f10d7fb6c80fe008ca927b1c332e8b0f57609461fc238d6a8b0f41dc1
generated/answers,generated/answers/den5_otvety_i_akcenty.pdf,den5_otvety_i_akcenty.pdf,35949,74bf48385b27dee00d0a91c6c4789135b7ed3d4659a6625b1887f9cba7348988
generated/answers,generated/answers/den6_otvety_i_akcenty.pdf,den6_otvety_i_akcenty.pdf,51678,1d6968666a3e0ce4c2923dc0a2c51f4375c524a9724385cf8cb5d1c7d3552885
generated/answers,generated/answers/den7_otvety_i_akcenty.pdf,den7_otvety_i_akcenty.pdf,52075,6010061a2fedb0baaf680263724b71a88ee34866835cce967a39329206f60150
generated/answers,generated/answers/den8_otvety_i_akcenty.pdf,den8_otvety_i_akcenty.pdf,51681,ca3f952945c3692e395f4cf302b2e5490a14b0e9467f22ccfc545d1243f66c46
generated/answers,generated/answers/den9_otvety_i_akcenty.pdf,den9_otvety_i_akcenty.pdf,51288,790eda057fb2eab3f7d945404c891b3786b9b79d8ac4cc71a488a6119524ddc1
generated/feedback_child,generated/feedback_child/den2_dlya_rebenka_po_itogam_dnya1.pdf,den2_dlya_rebenka_po_itogam_dnya1.pdf,37249,f268e44f1c25380d51b87a9b6bf2e5a87ff857246fcb7d4b233c31a507008d80
generated/feedback_child,generated/feedback_child/dopolnenie_x_ne_avtomatom_Nastyushik.pdf,dopolnenie_x_ne_avtomatom_Nastyushik.pdf,51803,c4dac83ebc58c45ce45b98c5395c939f8036b415d23eb7e1812b1a3d62cbb8ac
generated/feedback_child,generated/feedback_child/obratnaya_svyaz_den10_Nastyushik.pdf,obratnaya_svyaz_den10_Nastyushik.pdf,51157,37ce746dab6402a03d799e346da66fcffc6e39423f9cc29648603bc57334ab61
generated/feedback_child,generated/feedback_child/obratnaya_svyaz_den11_Nastyushik.pdf,obratnaya_svyaz_den11_Nastyushik.pdf,50328,0038634af04403208c879e69ec4ae6136e270516bfbd3b4bbd7b66e44f803acd
generated/feedback_child,generated/feedback_child/obratnaya_svyaz_den12_Nastyushik.pdf,obratnaya_svyaz_den12_Nastyushik.pdf,36286,6e1219a596c0a9fc69ebfe48a09bd22c8f10127171198e7173c85775961f1b04
generated/feedback_child,generated/feedback_child/obratnaya_svyaz_den13_Nastyushik.pdf,obratnaya_svyaz_den13_Nastyushik.pdf,51017,6e3f2c4da034ee7a181895cb781ac8320ec6c9a4e1240f4ca827d6644a31e5e3
generated/feedback_child,generated/feedback_child/obratnaya_svyaz_den14_Nastyushik.pdf,obratnaya_svyaz_den14_Nastyushik.pdf,35106,9cdc04c8caf3ea6bd608140de970d231085f64a8ca4179879d4f37f58d3e8557
generated/feedback_child,generated/feedback_child/obratnaya_svyaz_den15_Nastyushik.pdf,obratnaya_svyaz_den15_Nastyushik.pdf,51034,78f2ab2e078269fd1d6a36838fc648c9a2c2974f9a42b5641ddd51f475d6fe72
generated/feedback_child,generated/feedback_child/obratnaya_svyaz_den16_Nastyushik.pdf,obratnaya_svyaz_den16_Nastyushik.pdf,51133,03cadde35087b937387ab700c22d1d73fb48e49e84e85bbdff935ebfeea057f6
generated/feedback_child,generated/feedback_child/obratnaya_svyaz_den17_Nastyushik.pdf,obratnaya_svyaz_den17_Nastyushik.pdf,49764,5161e84ca5dc1cb5a34efcc3fa9e5847bd74014bec1cde469612e0a7693ca938
generated/feedback_child,generated/feedback_child/obratnaya_svyaz_den18_Nastyushik.pdf,obratnaya_svyaz_den18_Nastyushik.pdf,51621,f1c90bf580063bd4d52a63df54bab385b2a963bd3078a7b16cb7310a4f9d4138
generated/feedback_child,generated/feedback_child/obratnaya_svyaz_den19_Nastyushik.pdf,obratnaya_svyaz_den19_Nastyushik.pdf,50626,3661637511a8af9acb0cbcec2fc6ddf839b4f0bd7047780a9e8fbb71c652770e
generated/feedback_child,generated/feedback_child/obratnaya_svyaz_den1_Nastyushik.pdf,obratnaya_svyaz_den1_Nastyushik.pdf,53809,451df96146b536a63ab22f0d1c7c7636d58f8378b71e0a6fa5f54b2351f45fda
generated/feedback_child,generated/feedback_child/obratnaya_svyaz_den1_dlya_rebenka.pdf,obratnaya_svyaz_den1_dlya_rebenka.pdf,54397,9fa8a7d65761e757e4173344d849a14d4cac601f1011e718d339a737b4920766
generated/feedback_child,generated/feedback_child/obratnaya_svyaz_den20_Nastyushik.pdf,obratnaya_svyaz_den20_Nastyushik.pdf,51415,992e275168a82bfc12c265bfd8491d8cf47576084d982c42fbd8708f12929343
generated/feedback_child,generated/feedback_child/obratnaya_svyaz_den21_Nastyushik.pdf,obratnaya_svyaz_den21_Nastyushik.pdf,51068,d0cadd22e4a73a2f68049692122d3dc4e7b3ae5feef56a79abfbf53919515223
generated/feedback_child,generated/feedback_child/obratnaya_svyaz_den22_Nastyushik.pdf,obratnaya_svyaz_den22_Nastyushik.pdf,50896,a0dfa888d60351a22127ac92bc29675b435570fd893951bbd1809d88e8585a15
generated/feedback_child,generated/feedback_child/obratnaya_svyaz_den23_Nastyushik.pdf,obratnaya_svyaz_den23_Nastyushik.pdf,50564,d0ea7f732a45fdb17e8f2e6b60ba6308e5ad3123876b00069938a42fc6dd1574
generated/feedback_child,generated/feedback_child/obratnaya_svyaz_den24_Nastyushik.pdf,obratnaya_svyaz_den24_Nastyushik.pdf,50106,4267a957c9f37c9dc26c9f5a34e8ffb13443a4a379a7312c49ce37849de11ea2
generated/feedback_child,generated/feedback_child/obratnaya_svyaz_den25_Nastyushik.pdf,obratnaya_svyaz_den25_Nastyushik.pdf,49902,785389f7ba651a546cc30d3a197e9cd458e97eb9d94be6d2081d092d36cbc290
generated/feedback_child,generated/feedback_child/obratnaya_svyaz_den26_Nastyushik.pdf,obratnaya_svyaz_den26_Nastyushik.pdf,51416,661e4be30784ce20b1bd052441100feb29b30fd332c7e7157975c99a3a87c554
generated/feedback_child,generated/feedback_child/obratnaya_svyaz_den27_Nastyushik.pdf,obratnaya_svyaz_den27_Nastyushik.pdf,51017,1f5411e15a677fbb75004a0a40ec8dd5663b17da6957eb106a3b7dbd2ebee79b
generated/feedback_child,generated/feedback_child/obratnaya_svyaz_den28_Nastyushik.pdf,obratnaya_svyaz_den28_Nastyushik.pdf,50511,0f39929ff132da810eef730780a056a14f48011ef91fa028229f2d45065e6746
generated/feedback_child,generated/feedback_child/obratnaya_svyaz_den29_Nastyushik.pdf,obratnaya_svyaz_den29_Nastyushik.pdf,70641,5d9bb9d1d0a6819392df0082ba4eb3f87c572fc732ab900f427fee02c2ccf497
generated/feedback_child,generated/feedback_child/obratnaya_svyaz_den2_Nastyushik.pdf,obratnaya_svyaz_den2_Nastyushik.pdf,35933,ce1b7f3448412daabe18de3f3c3e341f6f4ff56378183387f785b7b1bbf41105
generated/feedback_child,generated/feedback_child/obratnaya_svyaz_den30_Nastyushik.pdf,obratnaya_svyaz_den30_Nastyushik.pdf,50652,42fa4d9d9f155d6a6011b7885c28730cdf0de74b0aee73f36531d8947dff21af
generated/feedback_child,generated/feedback_child/obratnaya_svyaz_den31_Nastyushik.pdf,obratnaya_svyaz_den31_Nastyushik.pdf,36162,b800759586c0aedfcbc19924f2c6f386e7ca2073d7940a4d0dd0641adef81c3a
generated/feedback_child,generated/feedback_child/obratnaya_svyaz_den32_Nastyushik.pdf,obratnaya_svyaz_den32_Nastyushik.pdf,70193,f2eaf199b5df4369dafefdaa876d183ea20f72c4818bbec6688a9254ad242103
generated/feedback_child,generated/feedback_child/obratnaya_svyaz_den33_Nastyushik.pdf,obratnaya_svyaz_den33_Nastyushik.pdf,49775,721fad60eff1de3d9c01f98fe3beb26f98fe65b6f8ea5282e7062006258cc3b2
generated/feedback_child,generated/feedback_child/obratnaya_svyaz_den34_Nastyushik.pdf,obratnaya_svyaz_den34_Nastyushik.pdf,35472,f3288ac37950083a872a6058f28658efb3c70f6563a660e9d5e385a305e9c471
generated/feedback_child,generated/feedback_child/obratnaya_svyaz_den35_Nastyushik.pdf,obratnaya_svyaz_den35_Nastyushik.pdf,35136,657691d951f1939fd995b5456386c3c023602f9944e6923bcd1463094ea7f6fe
generated/feedback_child,generated/feedback_child/obratnaya_svyaz_den36_Nastyushik.pdf,obratnaya_svyaz_den36_Nastyushik.pdf,51037,4d4ce21319ee0407480c92cdba316e9739ce6107010fc3984817cffb56de371e
generated/feedback_child,generated/feedback_child/obratnaya_svyaz_den37_Nastyushik.pdf,obratnaya_svyaz_den37_Nastyushik.pdf,50119,86df1cc723910237abc3e342bf63e0fc3148876f53ec71470afc6116587dc8cb
generated/feedback_child,generated/feedback_child/obratnaya_svyaz_den38_Nastyushik.pdf,obratnaya_svyaz_den38_Nastyushik.pdf,50752,91f760558eaea2b5f7af3450a59ffb9768a754055648ddca7e99974c1403eb03
generated/feedback_child,generated/feedback_child/obratnaya_svyaz_den3_Nastyushik.pdf,obratnaya_svyaz_den3_Nastyushik.pdf,37362,4a5754fcd8fffbd7c9ecdad5700bde0e5ccdf8a647bd4b93ca1e68a3f8f6dc3a
generated/feedback_child,generated/feedback_child/obratnaya_svyaz_den4_Nastyushik.pdf,obratnaya_svyaz_den4_Nastyushik.pdf,37514,89932ec427a9da1541c80c7f8804155ac52ebf22cac98f7a84ad21569764226c
generated/feedback_child,generated/feedback_child/obratnaya_svyaz_den5_Nastyushik.pdf,obratnaya_svyaz_den5_Nastyushik.pdf,52877,078afd2a5bc17fdc544c0176a24e00c51855d432fbd39fdb5b7a512d871271d5
generated/feedback_child,generated/feedback_child/obratnaya_svyaz_den6_Nastyushik.pdf,obratnaya_svyaz_den6_Nastyushik.pdf,51963,8b8198430f8557e38dde822c1de82ad16691f3d77b66f008ff05d7dc853b6b8a
generated/feedback_child,generated/feedback_child/obratnaya_svyaz_den7_Nastyushik.pdf,obratnaya_svyaz_den7_Nastyushik.pdf,50906,3ea464ca3053502ebcc4ff5491a05a1aa9956c2696f44fb583606c0dde0c0a5c
generated/feedback_child,generated/feedback_child/obratnaya_svyaz_den8_Nastyushik.pdf,obratnaya_svyaz_den8_Nastyushik.pdf,50196,c3e7b58bf773803b35aa1de894b641a1590a83ea32e20c04eef43ab13f0f32e5
generated/feedback_child,generated/feedback_child/obratnaya_svyaz_den9_Nastyushik.pdf,obratnaya_svyaz_den9_Nastyushik.pdf,36018,989ff7d5df01ecc4167d362cbd71bacafe73b018be1c475ce2de51a9840f0ee8
generated/feedback_child,generated/feedback_child/obratnaya_svyaz_posle_ekzamena_Nastyushik.pdf,obratnaya_svyaz_posle_ekzamena_Nastyushik.pdf,53569,5b14372461cfb6a32c048255c305709931b900096e3cac6d840f1bed8f14535c
generated/feedback_child,generated/feedback_child/plan_do_26_maya_Nastyushik.pdf,plan_do_26_maya_Nastyushik.pdf,53799,c65b2ae51cd7cc2ea063ceedd690cd1401a83656f87c77d8704a66657498e687
generated/feedback_parent,generated/feedback_parent/obratnaya_svyaz_den12_dlya_roditelya.pdf,obratnaya_svyaz_den12_dlya_roditelya.pdf,36030,a3101935279d5847f46129d6294d5645872bfc08ab4bd5b4dc6e0530f4bb85d8
generated/feedback_parent,generated/feedback_parent/obratnaya_svyaz_den13_dlya_roditelya.pdf,obratnaya_svyaz_den13_dlya_roditelya.pdf,50390,c87ab257f316c0ea01ec19427904f7ba1df19cfa064f32d156a32cbbd8644100
generated/feedback_parent,generated/feedback_parent/obratnaya_svyaz_den14_dlya_roditelya.pdf,obratnaya_svyaz_den14_dlya_roditelya.pdf,35504,16e20eee8d7b35f696ec9e8d0fb633a2caf49e91ffd0930992be53e4384517a9
generated/feedback_parent,generated/feedback_parent/obratnaya_svyaz_den15_dlya_roditelya.pdf,obratnaya_svyaz_den15_dlya_roditelya.pdf,51426,9a90a92a78e4b8253cd01277cb912a4070a46cefac45b25eb357598f183add1d
generated/feedback_parent,generated/feedback_parent/obratnaya_svyaz_den16_dlya_roditelya.pdf,obratnaya_svyaz_den16_dlya_roditelya.pdf,51255,5279fefd5bf16ea77829130b1805e57ef3a836959b2c1cc69792f179fe9c2887
generated/feedback_parent,generated/feedback_parent/obratnaya_svyaz_den17_dlya_roditelya.pdf,obratnaya_svyaz_den17_dlya_roditelya.pdf,50332,d5ffaec2229bb1a75179628cacdbc0c7e92a275951d589b695135ea4e5890d6e
generated/feedback_parent,generated/feedback_parent/obratnaya_svyaz_den18_dlya_roditelya.pdf,obratnaya_svyaz_den18_dlya_roditelya.pdf,50793,6800baf2fd4a1e6fddf3e71f93cceb77be57b7511f5545fd46b2382fb454e4c7
generated/feedback_parent,generated/feedback_parent/obratnaya_svyaz_den19_dlya_roditelya.pdf,obratnaya_svyaz_den19_dlya_roditelya.pdf,50887,72feb3e1b75d2e176bb12314d082c7c2f9e9b114b702f26389024c6c123bb665
generated/feedback_parent,generated/feedback_parent/obratnaya_svyaz_den20_dlya_roditelya.pdf,obratnaya_svyaz_den20_dlya_roditelya.pdf,51007,168c2ff5bc419288cffa779c61aff9af0b85c1ebcc7a8686e40f554c8a9b6f21
generated/feedback_parent,generated/feedback_parent/obratnaya_svyaz_den21_dlya_roditelya.pdf,obratnaya_svyaz_den21_dlya_roditelya.pdf,50609,e5a4543a84fc3af73f5922b6cf24a3d987dfcfa1e944d5771fd1ce512eae019c
generated/feedback_parent,generated/feedback_parent/obratnaya_svyaz_den22_dlya_roditelya.pdf,obratnaya_svyaz_den22_dlya_roditelya.pdf,51129,1b7f02d482e7c6afe674fb121e50617674eae6089c398fc7f3d9dd479093bb07
generated/feedback_parent,generated/feedback_parent/obratnaya_svyaz_den23_dlya_roditelya.pdf,obratnaya_svyaz_den23_dlya_roditelya.pdf,50647,ecf5d7a4b2b41252a147512f6d548a142922a31b9aac7f08482c6adde09dcd82
generated/feedback_parent,generated/feedback_parent/obratnaya_svyaz_den24_dlya_roditelya.pdf,obratnaya_svyaz_den24_dlya_roditelya.pdf,50791,27fa7a6338695a372ea42bc32684df740eeba9c427fabe468e401eab37f77f59
generated/feedback_parent,generated/feedback_parent/obratnaya_svyaz_den25_dlya_roditelya.pdf,obratnaya_svyaz_den25_dlya_roditelya.pdf,50670,72f640192f3fc4d953230893fb0b262c6a1cd9401694f05176bfa355bebd500f
generated/feedback_parent,generated/feedback_parent/obratnaya_svyaz_den26_dlya_roditelya.pdf,obratnaya_svyaz_den26_dlya_roditelya.pdf,50961,5603edcd5812890315556220762b38a3a94c6f6adf8df8d5d228950184e4237f
generated/feedback_parent,generated/feedback_parent/obratnaya_svyaz_den27_dlya_roditelya.pdf,obratnaya_svyaz_den27_dlya_roditelya.pdf,50924,a32a7a7aaa32aa901138190970e8d954c3ce87df3def89f9e7a83d0dd5f79fa2
generated/feedback_parent,generated/feedback_parent/obratnaya_svyaz_den28_dlya_roditelya.pdf,obratnaya_svyaz_den28_dlya_roditelya.pdf,50715,63e5a8ad31735b3876c059aab1ca367a2f71de29406a3a4abeab8a77617823cc
generated/feedback_parent,generated/feedback_parent/obratnaya_svyaz_den29_dlya_roditelya.pdf,obratnaya_svyaz_den29_dlya_roditelya.pdf,51270,6ab8a362d97361d79d5e4194b82c6c2c91468ff0782ea80b8f25a067f4e1585c
generated/feedback_parent,generated/feedback_parent/obratnaya_svyaz_den30_dlya_roditelya.pdf,obratnaya_svyaz_den30_dlya_roditelya.pdf,50604,0e394790e348fb03d87a820815e61bbeac4e11cda7ed0e5cb7761a78d3ab42cc
generated/feedback_parent,generated/feedback_parent/obratnaya_svyaz_den31_dlya_roditelya.pdf,obratnaya_svyaz_den31_dlya_roditelya.pdf,36894,464fd51dd1a9144cc5c264be694aa744785f80746b856148cc549d4e1fd6ac44
generated/feedback_parent,generated/feedback_parent/obratnaya_svyaz_den32_dlya_roditelya.pdf,obratnaya_svyaz_den32_dlya_roditelya.pdf,50406,dc46aa83cf86ec856507fa28f9b26cd8d6e027f6d6bda34ffac9c2d18147561b
generated/feedback_parent,generated/feedback_parent/obratnaya_svyaz_den33_dlya_roditelya.pdf,obratnaya_svyaz_den33_dlya_roditelya.pdf,50133,092d0cc1f6dcde9c56511c4c40c47d5d896ed13cf46928a6a7a5da2a577bb2d9
generated/feedback_parent,generated/feedback_parent/obratnaya_svyaz_den34_dlya_roditelya.pdf,obratnaya_svyaz_den34_dlya_roditelya.pdf,35819,8f11b884d54874bb23ac6537ba5010304664b0f06af19cff76e0964cecda391b
generated/feedback_parent,generated/feedback_parent/obratnaya_svyaz_den35_dlya_roditelya.pdf,obratnaya_svyaz_den35_dlya_roditelya.pdf,35001,e31d8d38df1df7dc28446999a09b1f9ec7a9f70ebdcc49f494455020d96f8246
generated/feedback_parent,generated/feedback_parent/obratnaya_svyaz_den36_dlya_roditelya.pdf,obratnaya_svyaz_den36_dlya_roditelya.pdf,50951,66fd2dcd135e45582b22e278cabc9b4ba73e61c4ed2270d041aa55a62108f175
generated/feedback_parent,generated/feedback_parent/obratnaya_svyaz_den37_dlya_roditelya.pdf,obratnaya_svyaz_den37_dlya_roditelya.pdf,50824,9dd479ce196d988b054502ea115f2fc5e47d80ed3dcb841fbf4de1cda0fb539d
generated/feedback_parent,generated/feedback_parent/obratnaya_svyaz_den38_dlya_roditelya.pdf,obratnaya_svyaz_den38_dlya_roditelya.pdf,50519,23a9635ed4d27e267d78dcf01b49e5cfe2d2ae0786fc0207ad304b628f8647e4
generated/feedback_parent,generated/feedback_parent/obratnaya_svyaz_dlya_roditelya_posle_ekzamena.pdf,obratnaya_svyaz_dlya_roditelya_posle_ekzamena.pdf,54825,29abdc6a73772ef0fcaf198e48dc3c9edee766ee2b5328f15cea31bcf14b12eb
generated/tasks,generated/tasks/den10_zadaniya_Nastyushik.pdf,den10_zadaniya_Nastyushik.pdf,36868,96057de8c07ad3434da3fcb807d60a351f08791d2063b074a479dd9bbb91264d
generated/tasks,generated/tasks/den11_zadaniya_Nastyushik.pdf,den11_zadaniya_Nastyushik.pdf,52177,fc65ee40228699bb787ec2aa211aa51e25b7a11f0202e4d3ba8f19dd19a5486b
generated/tasks,generated/tasks/den12_zadaniya_Nastyushik.pdf,den12_zadaniya_Nastyushik.pdf,71955,0772fbba414963031ca07d046ca77e5fe94e0848132a60d2039df72d1eea8786
generated/tasks,generated/tasks/den13_zadaniya_Nastyushik.pdf,den13_zadaniya_Nastyushik.pdf,37515,e0dda3587fb71584b5345d228dfb1d51a84280dae957495edb27b39df7f21375
generated/tasks,generated/tasks/den14_zadaniya_Nastyushik.pdf,den14_zadaniya_Nastyushik.pdf,51396,b2947eef2a9b0b9a450b142153a1ac5b53d721b85c72af0044ce0106af647531
generated/tasks,generated/tasks/den15_zadaniya_Nastyushik.pdf,den15_zadaniya_Nastyushik.pdf,36202,6232bcdacc7da2f2bd277cb1aef14290156c5be0035988fb4e93f1fd76925657
generated/tasks,generated/tasks/den16_zadaniya_Nastyushik.pdf,den16_zadaniya_Nastyushik.pdf,51773,ffb303201f7b0f327399b97d121f3f882fda85f1bbfd884972adda5b5d0833ea
generated/tasks,generated/tasks/den17_zadaniya_Nastyushik.pdf,den17_zadaniya_Nastyushik.pdf,51054,d325f4e6cb5c6bd069d6e28df895bd1c293917a835bc3afc7eb7071c41556c6b
generated/tasks,generated/tasks/den18_zadaniya_Nastyushik.pdf,den18_zadaniya_Nastyushik.pdf,50317,d13f671c1d28f4c1f09c8ad5b486c051e4b3c016985194ea95403353d2ec317f
generated/tasks,generated/tasks/den19_zadaniya_Nastyushik.pdf,den19_zadaniya_Nastyushik.pdf,51467,e9f05c7d0a7c11ef58405cefd216ede53e23a2cf7bcb89a6e39097313532fa5f
generated/tasks,generated/tasks/den1_zadaniya_drobi.pdf,den1_zadaniya_drobi.pdf,52824,b6fd8fe8a4fe1f3cd17cc84b77bda1b85efa3df05d1aa95c6fa96019a6998236
generated/tasks,generated/tasks/den20_zadaniya_Nastyushik.pdf,den20_zadaniya_Nastyushik.pdf,51143,7a852b27cbe85ad7db78a86b023b2702a48277afe2c389c0d358854175ecdc30
generated/tasks,generated/tasks/den21_zadaniya_Nastyushik.pdf,den21_zadaniya_Nastyushik.pdf,51652,65a53796bd37325b5a7cd687fc6ed31e5719204180f24a7421f79b1efee5478f
generated/tasks,generated/tasks/den22_zadaniya_Nastyushik.pdf,den22_zadaniya_Nastyushik.pdf,51029,eb50010606a93f6ea850e43a22889e2f0ddd18993a46ee1d451eb89d6a2d321d
generated/tasks,generated/tasks/den23_zadaniya_Nastyushik.pdf,den23_zadaniya_Nastyushik.pdf,52142,381b3d5ded5f936c1f4d7038624ecc9511b7ad72006d3125e0109aa2f800581e
generated/tasks,generated/tasks/den24_zadaniya_Nastyushik.pdf,den24_zadaniya_Nastyushik.pdf,51147,b8c8e6e0e7293db0eb16a48455785bb97716ef52998ca4df3f6fca6eee6a13e5
generated/tasks,generated/tasks/den25_zadaniya_Nastyushik.pdf,den25_zadaniya_Nastyushik.pdf,52476,a5353e6fd1a543b72bf8dfa4a60698929a1bf4a35ea3d3f6a3989142335fb92f
generated/tasks,generated/tasks/den26_zadaniya_Nastyushik.pdf,den26_zadaniya_Nastyushik.pdf,51366,ca620f48ddf4ad93803e34a7c5f32a78e73985addd5dcadf6a42235fb3940fda
generated/tasks,generated/tasks/den27_zadaniya_Nastyushik.pdf,den27_zadaniya_Nastyushik.pdf,51136,e8b084a3fcb78b0f76de59ddf6572ce5dc4da75485958cfb03c18bec3e25ab87
generated/tasks,generated/tasks/den28_zadaniya_Nastyushik.pdf,den28_zadaniya_Nastyushik.pdf,51195,4e267ffe7d7707d90b52f1906417c52c8d8b596d073ae6f597d7f1ecd1e87da1
generated/tasks,generated/tasks/den29_zadaniya_Nastyushik.pdf,den29_zadaniya_Nastyushik.pdf,51439,a9af35b6ba0c1e7d124c614f64070d489769b12c8f2ee7bdbe7bbb2a9cf7d124
generated/tasks,generated/tasks/den2_zadaniya_drobi.pdf,den2_zadaniya_drobi.pdf,37339,14f1e02c2f20b43657dc3fe0b69436d2a662e418cd6141e73527cfce0936f275
generated/tasks,generated/tasks/den30_zadaniya_Nastyushik.pdf,den30_zadaniya_Nastyushik.pdf,51586,988a985e2e6ac6e3d1034928608b24f312ead1c3fe6abf056be93a34fed1a65f
generated/tasks,generated/tasks/den31_zadaniya_Nastyushik.pdf,den31_zadaniya_Nastyushik.pdf,50809,a44ea2a0e1d92f4a29c068d79c21008ed99c20dd8449332f210f35fb4c747ddf
generated/tasks,generated/tasks/den32_zadaniya_Nastyushik.pdf,den32_zadaniya_Nastyushik.pdf,58178,dcc5a6515dbb9df8e5ac6719c855aea4c8302e3cf700118860c98d545464641b
generated/tasks,generated/tasks/den33_zadaniya_Nastyushik.pdf,den33_zadaniya_Nastyushik.pdf,69952,8b831fc5eedf685be67dc0171ce0dd5800e38fcab32e4509de0a2fb0fc29d6aa
generated/tasks,generated/tasks/den34_zadaniya_Nastyushik.pdf,den34_zadaniya_Nastyushik.pdf,51565,478a30287eb278acafb5abf54f1d613636cc6d8d87edb46f8ea1535f31a9722f
generated/tasks,generated/tasks/den35_zadaniya_Nastyushik.pdf,den35_zadaniya_Nastyushik.pdf,36215,83a9a2679e08172019543bce8e9cc27186fa2bc85c7405d9f7a10ea00bd35d06
generated/tasks,generated/tasks/den36_zadaniya_Nastyushik.pdf,den36_zadaniya_Nastyushik.pdf,36287,c5f56995a245ea06f7139fe2049fb79e40f2b08b188c975251b5ac7215b0951e
generated/tasks,generated/tasks/den37_zadaniya_Nastyushik.pdf,den37_zadaniya_Nastyushik.pdf,52039,78fb03180405aedc169d95c16e48c9d200c0da5d45843f5084ec94a80a9c0c69
generated/tasks,generated/tasks/den38_zadaniya_Nastyushik.pdf,den38_zadaniya_Nastyushik.pdf,50633,6ab5ad672ee28cd3043b3255967508e2fdbe228084fcb8158fd9217b2c5be022
generated/tasks,generated/tasks/den39_zadaniya_Nastyushik.pdf,den39_zadaniya_Nastyushik.pdf,51644,e506d1eb9289096f727c5f0891631dc8add72992ae3bca4daec89cf087341a44
generated/tasks,generated/tasks/den3_zadaniya_drobi.pdf,den3_zadaniya_drobi.pdf,35999,853afee5739dfb2eb7bacc3009ffab4708a035ac06c277571cdc7f70cf24ce09
generated/tasks,generated/tasks/den4_zadaniya_Nastyushik.pdf,den4_zadaniya_Nastyushik.pdf,36784,bd4d9e530787505413ccea2535300540f1716c357abf7220c924a941f1948f80
generated/tasks,generated/tasks/den5_zadaniya_Nastyushik.pdf,den5_zadaniya_Nastyushik.pdf,36388,41f573e7e749cd5b7b6736ce61e0b5c776e2bcf78979d8cbceceba76196f307b
generated/tasks,generated/tasks/den6_zadaniya_Nastyushik.pdf,den6_zadaniya_Nastyushik.pdf,51620,966680b85acb9fa03d70b5e94896e84dbd0e13fa67fddaec69de3c3c8704e134
generated/tasks,generated/tasks/den7_zadaniya_Nastyushik.pdf,den7_zadaniya_Nastyushik.pdf,51843,d11645217a49938b6fda51d3770e680c93bc63fbcb9fb35d2c8c2d93c82d5040
generated/tasks,generated/tasks/den8_zadaniya_Nastyushik.pdf,den8_zadaniya_Nastyushik.pdf,52460,c5917816e6e97a617e5eca152642c441d8591fb6fcefa07fcdf97be46967caac
generated/tasks,generated/tasks/den9_zadaniya_Nastyushik.pdf,den9_zadaniya_Nastyushik.pdf,51435,f32be8c5b2a0a726d59ca8c3fc355a75def18d6e15fa0987a4618260ab084417
generated/tasks,generated/tasks/posle_dnya1_zadaniya_dlya_rebenka.pdf,posle_dnya1_zadaniya_dlya_rebenka.pdf,54355,4c039de86654fa473b64f27f662ebf31f8a2070cb54621bcfe5f9ff0dc8db2e3
repo_seed_zip,repo_seed_zip/nastyushik-math-skill-stack.zip,nastyushik-math-skill-stack.zip,50012,36fd1808816b27e538e4e50706b2f375183217e145d323a9e5193e6d05faf6ed
repo_template,repo_template/nastyushik-math-skill-stack/.git/COMMIT_EDITMSG,nastyushik-math-skill-stack/.git/COMMIT_EDITMSG,44,375268eee1204fd36447a1135551531664a3d9b96184234b52b6545e28073608
repo_template,repo_template/nastyushik-math-skill-stack/.git/HEAD,nastyushik-math-skill-stack/.git/HEAD,23,f6f2b945f6c411b02ba3da9c7ace88dcf71b6af65ba2e0d89aa82900042b5a10
repo_template,repo_template/nastyushik-math-skill-stack/.git/config,nastyushik-math-skill-stack/.git/config,92,cfe7ba1238c9a78be7535d7c63bcaf5a4d5011d46b07c9b45d3bbf7d6c312dfe
repo_template,repo_template/nastyushik-math-skill-stack/.git/description,nastyushik-math-skill-stack/.git/description,73,85ab6c163d43a17ea9cf7788308bca1466f1b0a8d1cc92e26e9bf63da4062aee
repo_template,repo_template/nastyushik-math-skill-stack/.git/hooks/applypatch-msg.sample,nastyushik-math-skill-stack/.git/hooks/applypatch-msg.sample,478,0223497a0b8b033aa58a3a521b8629869386cf7ab0e2f101963d328aa62193f7
repo_template,repo_template/nastyushik-math-skill-stack/.git/hooks/commit-msg.sample,nastyushik-math-skill-stack/.git/hooks/commit-msg.sample,896,1f74d5e9292979b573ebd59741d46cb93ff391acdd083d340b94370753d92437
repo_template,repo_template/nastyushik-math-skill-stack/.git/hooks/fsmonitor-watchman.sample,nastyushik-math-skill-stack/.git/hooks/fsmonitor-watchman.sample,4726,e0549964e93897b519bd8e333c037e51fff0f88ba13e086a331592bf801fa1d0
repo_template,repo_template/nastyushik-math-skill-stack/.git/hooks/post-update.sample,nastyushik-math-skill-stack/.git/hooks/post-update.sample,189,81765af2daef323061dcbc5e61fc16481cb74b3bac9ad8a174b186523586f6c5
repo_template,repo_template/nastyushik-math-skill-stack/.git/hooks/pre-applypatch.sample,nastyushik-math-skill-stack/.git/hooks/pre-applypatch.sample,424,e15c5b469ea3e0a695bea6f2c82bcf8e62821074939ddd85b77e0007ff165475
repo_template,repo_template/nastyushik-math-skill-stack/.git/hooks/pre-commit.sample,nastyushik-math-skill-stack/.git/hooks/pre-commit.sample,1649,57185b7b9f05239d7ab52db045f5b89eb31348d7b2177eab214f5eb872e1971b
repo_template,repo_template/nastyushik-math-skill-stack/.git/hooks/pre-merge-commit.sample,nastyushik-math-skill-stack/.git/hooks/pre-merge-commit.sample,416,d3825a70337940ebbd0a5c072984e13245920cdf8898bd225c8d27a6dfc9cb53
repo_template,repo_template/nastyushik-math-skill-stack/.git/hooks/pre-push.sample,nastyushik-math-skill-stack/.git/hooks/pre-push.sample,1374,ecce9c7e04d3f5dd9d8ada81753dd1d549a9634b26770042b58dda00217d086a
repo_template,repo_template/nastyushik-math-skill-stack/.git/hooks/pre-rebase.sample,nastyushik-math-skill-stack/.git/hooks/pre-rebase.sample,4898,4febce867790052338076f4e66cc47efb14879d18097d1d61c8261859eaaa7b3
repo_template,repo_template/nastyushik-math-skill-stack/.git/hooks/pre-receive.sample,nastyushik-math-skill-stack/.git/hooks/pre-receive.sample,544,a4c3d2b9c7bb3fd8d1441c31bd4ee71a595d66b44fcf49ddb310252320169989
repo_template,repo_template/nastyushik-math-skill-stack/.git/hooks/prepare-commit-msg.sample,nastyushik-math-skill-stack/.git/hooks/prepare-commit-msg.sample,1492,e9ddcaa4189fddd25ed97fc8c789eca7b6ca16390b2392ae3276f0c8e1aa4619
repo_template,repo_template/nastyushik-math-skill-stack/.git/hooks/push-to-checkout.sample,nastyushik-math-skill-stack/.git/hooks/push-to-checkout.sample,2783,a53d0741798b287c6dd7afa64aee473f305e65d3f49463bb9d7408ec3b12bf5f
repo_template,repo_template/nastyushik-math-skill-stack/.git/hooks/sendemail-validate.sample,nastyushik-math-skill-stack/.git/hooks/sendemail-validate.sample,2308,44ebfc923dc5466bc009602f0ecf067b9c65459abfe8868ddc49b78e6ced7a92
repo_template,repo_template/nastyushik-math-skill-stack/.git/hooks/update.sample,nastyushik-math-skill-stack/.git/hooks/update.sample,3650,8d5f2fa83e103cf08b57eaa67521df9194f45cbdbcb37da52ad586097a14d106
repo_template,repo_template/nastyushik-math-skill-stack/.git/index,nastyushik-math-skill-stack/.git/index,1126,f11893daddc2897ec5748b0e757ab72b6aa68d41f05da14d94d3305e121d1597
repo_template,repo_template/nastyushik-math-skill-stack/.git/info/exclude,nastyushik-math-skill-stack/.git/info/exclude,240,6671fe83b7a07c8932ee89164d1f2793b2318058eb8b98dc5c06ee0a5a3b0ec1
repo_template,repo_template/nastyushik-math-skill-stack/.git/logs/HEAD,nastyushik-math-skill-stack/.git/logs/HEAD,190,51d97a628cb99a72cd0f063ef7dd7cc4f252be87bb3abc640853c10ae305657e
repo_template,repo_template/nastyushik-math-skill-stack/.git/logs/refs/heads/master,nastyushik-math-skill-stack/.git/logs/refs/heads/master,190,51d97a628cb99a72cd0f063ef7dd7cc4f252be87bb3abc640853c10ae305657e
repo_template,repo_template/nastyushik-math-skill-stack/.git/objects/03/70327db8ea3fe21e458843d4933afdd1540823,nastyushik-math-skill-stack/.git/objects/03/70327db8ea3fe21e458843d4933afdd1540823,499,5b8155e4431205383549d4905545eb1a9ca96fbabd3f1df3d142a5249c35db55
repo_template,repo_template/nastyushik-math-skill-stack/.git/objects/33/927350d01541b4463241e7a1b25fe67cea868f,nastyushik-math-skill-stack/.git/objects/33/927350d01541b4463241e7a1b25fe67cea868f,140,526fb2b6c683cb66110b26f140424546aab28e7d6bf3d73e93cb1d6aa41e0f24
repo_template,repo_template/nastyushik-math-skill-stack/.git/objects/38/f7ebfb1cbf642e27b2b39263833eca6008e4f6,nastyushik-math-skill-stack/.git/objects/38/f7ebfb1cbf642e27b2b39263833eca6008e4f6,57,6de53b46391c7be0b1a40e0a1a4014a39343ef4fcd1f907a024fb2d12ab7a9e9
repo_template,repo_template/nastyushik-math-skill-stack/.git/objects/5c/f78180213ae802dcdf379f02cdf68bfa722bd4,nastyushik-math-skill-stack/.git/objects/5c/f78180213ae802dcdf379f02cdf68bfa722bd4,66,5f31447e7d5d7862eeb83baf16384d2665f6e6d3c4da35978bba31f5fbc07a7b
repo_template,repo_template/nastyushik-math-skill-stack/.git/objects/6f/9b8110c1d644e1554cf185e6c74a35e9253f47,nastyushik-math-skill-stack/.git/objects/6f/9b8110c1d644e1554cf185e6c74a35e9253f47,634,b955cf96b1c703744e0ea54112440f630f84db4a286c2b0b29f28c6fb8e95a83
repo_template,repo_template/nastyushik-math-skill-stack/.git/objects/70/ee29f4c12c0f99e7ce4dfbb66b8c25878d177d,nastyushik-math-skill-stack/.git/objects/70/ee29f4c12c0f99e7ce4dfbb66b8c25878d177d,51,957d8765b05cdbae65e128dd7392ed02811fe644fdb7ea80e6ec383833c11bf7
repo_template,repo_template/nastyushik-math-skill-stack/.git/objects/78/ff9233850a152072a6921cec831d34442b136a,nastyushik-math-skill-stack/.git/objects/78/ff9233850a152072a6921cec831d34442b136a,775,66d8269f716f92889022b47ccefc633d7dd67cd4c364f816a3dc6d44b35cdabf
repo_template,repo_template/nastyushik-math-skill-stack/.git/objects/88/5fcd5c2099303c70d20c23a6102b15760d7aae,nastyushik-math-skill-stack/.git/objects/88/5fcd5c2099303c70d20c23a6102b15760d7aae,2308,bf2b687f6c89d974f3289dbb88cd063c5a5946324f8498302a4325b975f57c11
repo_template,repo_template/nastyushik-math-skill-stack/.git/objects/a3/0cb834d69e68e28a91e2eae89c9e88c8399761,nastyushik-math-skill-stack/.git/objects/a3/0cb834d69e68e28a91e2eae89c9e88c8399761,642,f95c2d218045216c91007f6f616b4345494552c0f789d7f5e0b1299aa3f40287
repo_template,repo_template/nastyushik-math-skill-stack/.git/objects/a7/da99b2a2b205d82dec45a6f63cb43512951cc0,nastyushik-math-skill-stack/.git/objects/a7/da99b2a2b205d82dec45a6f63cb43512951cc0,63,15df3346986c14a8357517a91d6954f7658dffd4718769a91948bf2c3dc6e223
repo_template,repo_template/nastyushik-math-skill-stack/.git/objects/a8/76b1ba0757cff9dd6fea0c85229765a4c7c32a,nastyushik-math-skill-stack/.git/objects/a8/76b1ba0757cff9dd6fea0c85229765a4c7c32a,151,b4f27ffddce4f33492829fe03f6636b0e3d14a5e28e832d3e3094c5cae0bcc16
repo_template,repo_template/nastyushik-math-skill-stack/.git/objects/a8/fab295f3018c9c8ea42bc52fdf2f53fab3a306,nastyushik-math-skill-stack/.git/objects/a8/fab295f3018c9c8ea42bc52fdf2f53fab3a306,718,97beb5537c0b54eba6d769b988652a482996c01fd5b491537ecaccd7357bde78
repo_template,repo_template/nastyushik-math-skill-stack/.git/objects/b9/08d4cbe37ccea3388a2f308595ae63a255755d,nastyushik-math-skill-stack/.git/objects/b9/08d4cbe37ccea3388a2f308595ae63a255755d,43,0abe071d0b16790e23f513ec5c3c1fa5023c6a38d3d768cfd0509f148aabce2e
repo_template,repo_template/nastyushik-math-skill-stack/.git/objects/b9/ca3ac9fa1256d28dad65bbf97374bf4b833191,nastyushik-math-skill-stack/.git/objects/b9/ca3ac9fa1256d28dad65bbf97374bf4b833191,1588,44e9e2d40e3a14214bc76323e3b177d8752df4487b5309702e3fe5761a5926a4
repo_template,repo_template/nastyushik-math-skill-stack/.git/objects/eb/b17a3e4a477e9716be19a3c6ac02cfde2f26ce,nastyushik-math-skill-stack/.git/objects/eb/b17a3e4a477e9716be19a3c6ac02cfde2f26ce,984,4276699ce4cd5154e0f0ba2aba08042c1097aa2839d3f9d35d1a8d70d4ebec12
repo_template,repo_template/nastyushik-math-skill-stack/.git/objects/ed/c28d8fc6c6494d1747274afa5b3bba2d538a94,nastyushik-math-skill-stack/.git/objects/ed/c28d8fc6c6494d1747274afa5b3bba2d538a94,266,a2119c3f91e4c5c6a526dbdee7598993abc3ad431c862d285af496f8ba2dfc62
repo_template,repo_template/nastyushik-math-skill-stack/.git/objects/ff/521b53ed869bf3148105ffb50196e564363c5d,nastyushik-math-skill-stack/.git/objects/ff/521b53ed869bf3148105ffb50196e564363c5d,178,752d1368e4e040acf18ad6d5decae7335ae97c918146a9298084204893896424
repo_template,repo_template/nastyushik-math-skill-stack/.git/objects/ff/be914d9b36232830e3a91c96bc0afd1efa76c4,nastyushik-math-skill-stack/.git/objects/ff/be914d9b36232830e3a91c96bc0afd1efa76c4,65,399be29bc03fd09d5c27dbd331080679476ee01cb27356b547c9afcdfdf976f4
repo_template,repo_template/nastyushik-math-skill-stack/.git/refs/heads/master,nastyushik-math-skill-stack/.git/refs/heads/master,41,88f745b8d1809d026018b27eb783bce6e3f193e368b1e21766b0bf0f3cdc4f1a
repo_template,repo_template/nastyushik-math-skill-stack/.github/workflows/validate.yml,nastyushik-math-skill-stack/.github/workflows/validate.yml,264,685e3781944706e587dd28834a8f5968d8b207040888f4cfe88826536e76d078
repo_template,repo_template/nastyushik-math-skill-stack/.gitignore,nastyushik-math-skill-stack/.gitignore,29,60c9bdd905fcf45ac485c680d32e9773962cf061b6f041dcddd033911558a672
repo_template,repo_template/nastyushik-math-skill-stack/MATRIX.md,nastyushik-math-skill-stack/MATRIX.md,5714,2b9cf8b97445e330671212dc6b9d191f189e64c0e1af8911ecc90a561b556b04
repo_template,repo_template/nastyushik-math-skill-stack/README.md,nastyushik-math-skill-stack/README.md,3375,78e8b58705c705cf19e1e4eadbf5b622c5bfc8790f8940acb2d9a6d7a36793f6
repo_template,repo_template/nastyushik-math-skill-stack/data/capability_matrix.csv,nastyushik-math-skill-stack/data/capability_matrix.csv,1937,b898088ea2c3519d3e0b0dd6d36afc1d82550e772ba0e470a9bc875600cfb14b
repo_template,repo_template/nastyushik-math-skill-stack/docs/day-notes.md,nastyushik-math-skill-stack/docs/day-notes.md,1649,da9ee4311476be52ff4116c3c50c8a2af418dc049f05636488aa142a4a00be12
repo_template,repo_template/nastyushik-math-skill-stack/docs/parent-review-checklist.md,nastyushik-math-skill-stack/docs/parent-review-checklist.md,1273,ecb51bbd6e07df231ec5c8f7e56cf57c13b0661bc4efd1f0c94013841335dc4e
repo_template,repo_template/nastyushik-math-skill-stack/docs/skill-gates.md,nastyushik-math-skill-stack/docs/skill-gates.md,1462,bc5f996c9c4bf2dc13356884190d8ec3372f357ff97eee427c559dabb6e53482
repo_template,repo_template/nastyushik-math-skill-stack/prompts/next-day-template.md,nastyushik-math-skill-stack/prompts/next-day-template.md,1222,d9ed5ac65dfec90b87c9bb5295a75e22ecb2c37300f34206267a37eafc84ed65
repo_template,repo_template/nastyushik-math-skill-stack/scripts/validate_matrix.py,nastyushik-math-skill-stack/scripts/validate_matrix.py,871,54f874c4fc946f95a78c9f3aaafa1f62bc91e237a73eb55ffa4776b280facdae
session,session/prompts_etoy_sessii.md,prompts_etoy_sessii.md,11745,8b002e9e73bbd60671e2ff646ddaad388be0ceaa69f609bb01d581a844a566b3
source_uploads/images,source_uploads/images/12f61ac8-8a85-40ba-b071-3a1087054d06.jpeg,12f61ac8-8a85-40ba-b071-3a1087054d06.jpeg,784982,6a762ca1b838bac6b8c91aacd1b64dc8dddde6887c0ff811e879063dc4fd14cf
source_uploads/images,source_uploads/images/79950611722__77AA5F97-4BC8-43DF-8A4D-C3538D093923.jpeg,79950611722__77AA5F97-4BC8-43DF-8A4D-C3538D093923.jpeg,723199,de9ad19ee4571e0b8d47708641490e8df033e59bdb531f3d1e64d7cfe359efc0
source_uploads/images,source_uploads/images/79950613531__FAE79D8B-4138-4F22-8CF7-031D04F2D2FF.jpeg,79950613531__FAE79D8B-4138-4F22-8CF7-031D04F2D2FF.jpeg,930267,fb72e088d8b5d7769b5212d88ac1aa0aec510b94dd69d6eaee324525aad8b40c
source_uploads/images,source_uploads/images/79950614664__45BA7AC6-4765-42BB-9C89-443FDF21FB8F.jpeg,79950614664__45BA7AC6-4765-42BB-9C89-443FDF21FB8F.jpeg,795679,53592c26016da6bd7fbcb8d3be037870399d86884f0244058b075cad4f262067
source_uploads/images,source_uploads/images/79950617535__9AD481FF-3ECC-46FE-A739-739D662C1D96.jpeg,79950617535__9AD481FF-3ECC-46FE-A739-739D662C1D96.jpeg,944760,205a0ea4aa226d2ee33ff1fc3fc685fa9afa413eae5d12bd63cfa8ad7419eb6f
source_uploads/images,source_uploads/images/79950618726__C42C5DF7-FA1B-41A8-9372-CF1B999B005C.jpeg,79950618726__C42C5DF7-FA1B-41A8-9372-CF1B999B005C.jpeg,759105,2eba77067c77b157c900db69e3aaee9468b1f5078c2983cecb0b0f5e631a00f9
source_uploads/images,source_uploads/images/79950619680__DD25E43E-9DCA-4A96-8294-3597BB6B834C.jpeg,79950619680__DD25E43E-9DCA-4A96-8294-3597BB6B834C.jpeg,738821,276b17693544538ffa552861515a3269e3a704ed1c84bb2813963f627f371f69
source_uploads/images,source_uploads/images/79950620519__6FF46A3A-CB1B-452A-AF78-97E0A3D289BF.jpeg,79950620519__6FF46A3A-CB1B-452A-AF78-97E0A3D289BF.jpeg,818350,a8f4bac4a9a0a9a5f64242c87ffcaf3d6a46dbec8054f3a0b7cfef578d96c14b
source_uploads/images,source_uploads/images/79950621889__00C7E774-9D73-44F0-8CD1-9C645B0D47F8.jpeg,79950621889__00C7E774-9D73-44F0-8CD1-9C645B0D47F8.jpeg,962027,05a23fdd60c8e7398bf29c797a4a102c9e51149f1149c5375ad7e444a9e47c36
source_uploads/images,source_uploads/images/79950622838__1023AA54-3479-4E97-9D5F-EF93AEF91A47.jpeg,79950622838__1023AA54-3479-4E97-9D5F-EF93AEF91A47.jpeg,823116,99a9e911b720e5491121c9aee72dcbfba50ddaea966eee541b7dd88e2d44787d
source_uploads/images,source_uploads/images/79950624354__37B6EBAE-9C64-4BCD-94A0-ECFBAD34EE50.jpeg,79950624354__37B6EBAE-9C64-4BCD-94A0-ECFBAD34EE50.jpeg,779780,308248693daf9014c64a05cb84c61857b17539d07e1cf318d16d67489e07c684
source_uploads/images,source_uploads/images/79952209960__E72E2B0D-8DC1-4AE7-A23C-1AD8B4C41700.jpeg,79952209960__E72E2B0D-8DC1-4AE7-A23C-1AD8B4C41700.jpeg,574851,c70c1be251c1bdef00b109845e2f6ff4ef704549df7d0922ab8c397bc6702cf6
source_uploads/images,source_uploads/images/79952211405__AD51C013-730B-4BE7-B938-9917C0B558C2.jpeg,79952211405__AD51C013-730B-4BE7-B938-9917C0B558C2.jpeg,874386,46cc3c4af04903b66464664140234c7285a1d7d4d5352702d85f6e28f60ce00a
source_uploads/images,source_uploads/images/79952214411__0FBA1AFC-4FEF-4826-9E7B-19C84653DFD2.jpeg,79952214411__0FBA1AFC-4FEF-4826-9E7B-19C84653DFD2.jpeg,876854,ceaa3b585e28d073b4775a16ad353fd061cd05b4f24c95584f7ec12bf0181b43
source_uploads/images,source_uploads/images/8b943ce5-f9ee-46d2-96e6-ee19cab474c6.jpeg,8b943ce5-f9ee-46d2-96e6-ee19cab474c6.jpeg,905882,ff71474036833e8b64f66020f2bcdaee83f0c806261056dc816d0f453a662b7c
source_uploads/images,source_uploads/images/Screenshot 2026-05-10 at 13.27.12.png,Screenshot 2026-05-10 at 13.27.12.png,53513,2c0b2e7a472332af057f7a7147616cec67ccfee690c724062a8a8ce75a295339
source_uploads/images,source_uploads/images/b4_lower.png,b4_lower.png,330915,17bde25a4c303d02497175ac89afe8c5e25282e96a7082952b9f9b13a95b9dc0
source_uploads/images,source_uploads/images/b4_right.png,b4_right.png,414990,507b869c5653de007cc6afc3b0350a2a71f6c75ed7d802ddca607ba341ac60d7
source_uploads/images,source_uploads/images/cce6068b-20c9-400b-aa1e-40b52432536d.jpeg,cce6068b-20c9-400b-aa1e-40b52432536d.jpeg,502421,16f9420df53d0801add01d67c6e69476ad03b224f53e903ef872a7772ccae664
source_uploads/images,source_uploads/images/d12d58b6-4b61-4b5b-993f-c118d8fa494e.jpeg,d12d58b6-4b61-4b5b-993f-c118d8fa494e.jpeg,603721,70f470fda72dd02ccfbf3a9ce3b9f92c8f9b89459806f300e4d7c1d82db4f638
source_uploads/images,source_uploads/images/d3634a84-7dcf-4374-88c1-c3fd4f7c383b.jpeg,d3634a84-7dcf-4374-88c1-c3fd4f7c383b.jpeg,703013,0d55620ee3bfa97603b9992c919f7f7760d51eb8cb96dbf153360fc0ed6e4990
source_uploads/images,source_uploads/images/e07325e7-e49a-40a3-b1ef-8b93e7257a30.jpeg,e07325e7-e49a-40a3-b1ef-8b93e7257a30.jpeg,651596,64e5d79d247d5ba0cb3609406a80ef44a3d7d7c0ed91001c3cc9d76b51259e1f
source_uploads/pdfs,source_uploads/pdfs/-15 - 8 = -23-1.pdf,-15 - 8 = -23-1.pdf,18370541,6812ffb36415d67c4020ae92b89093ba875df85324ec86d1815f20f95a0c0cff
source_uploads/pdfs,source_uploads/pdfs/1) - 15 - 8 = -23.pdf,1) - 15 - 8 = -23.pdf,21150491,af46e2cf57cbb7422880ef6b343d07cd7079dd212cc51182988e89029c539ad2
source_uploads/pdfs,source_uploads/pdfs/1) -15-8 = -23.pdf,1) -15-8 = -23.pdf,31560145,fcd273b3720e6afe449c7d485dc74a0dc0209c02cea2d0696c5cb546df217947
source_uploads/pdfs,"source_uploads/pdfs/1) 1,4 х - 0,6х- 1х = -12 х.pdf","1) 1,4 х - 0,6х- 1х = -12 х.pdf",47983189,627e42bd7a13d72be1e403c47cf3a719456a26f6e4204cbc88889061588c4493
source_uploads/pdfs,"source_uploads/pdfs/1)1,20 - 0,5 х-225 - 1,3 х.pdf","1)1,20 - 0,5 х-225 - 1,3 х.pdf",45816006,110f0f4d08a085796e5098d850f3a8a1d6e97c57048b7c5b057f06427e861b4a
source_uploads/pdfs,"source_uploads/pdfs/1)12,5 х - 12-х - 0,8 - 10,5%-1.pdf","1)12,5 х - 12-х - 0,8 - 10,5%-1.pdf",39974811,7d5aacbf79f91048ef2b10cca4639464f8571f691ebc95ad2be0bcfc107cb936
source_uploads/pdfs,source_uploads/pdfs/1)7х - 9х+ 2 х = 0.pdf,1)7х - 9х+ 2 х = 0.pdf,28621825,ba6a2776ddee2725176de3afceeb01034f177e0c420f3d9a78219eb4f7926fa9
source_uploads/pdfs,source_uploads/pdfs/1-12-10 + 4=-22+4=-18.pdf,1-12-10 + 4=-22+4=-18.pdf,30595253,9acfd3a1b62aaf038eda5e906af1f15424a31a77296e8d43f62100af44d6ef5c
source_uploads/pdfs,"source_uploads/pdfs/1-446 + 0,9 - 1,56 = -3, 16.pdf","1-446 + 0,9 - 1,56 = -3, 16.pdf",36657434,a75c91adbc9c90c427a2be8fa4032dd52828e81acf9440ab1c458d3e227aad2e
source_uploads/pdfs,"source_uploads/pdfs/12,5 х - 1,22 - 0,8 х= 0,5 х.pdf","12,5 х - 1,22 - 0,8 х= 0,5 х.pdf",40451104,650e97f8523960e24f3fe26103b652d697329b08dee60181e09cd8ddbf867d3f
source_uploads/pdfs,source_uploads/pdfs/2)(- 5): 14 = - 55.pdf,2)(- 5): 14 = - 55.pdf,35498742,d13e49f15f23d1a3841a188cf3e444396c03cad71d1a5442b2f0a597b5e3ad29
source_uploads/pdfs,source_uploads/pdfs/4) Пусть Х это корфен во вторам ракете..pdf,4) Пусть Х это корфен во вторам ракете..pdf,8243306,e9191b44428c178ce96b99a0a5454534734d2d35a7aea0bc58a1ade55698ed23
source_uploads/pdfs,source_uploads/pdfs/5.pdf,5.pdf,16451375,856fb4407cf58486cc4dce3e6a8d06dbebf3dd4fc2500c8bf70a8b3b39a48ffc
source_uploads/pdfs,source_uploads/pdfs/X=46: 2.pdf,X=46: 2.pdf,39834926,6eddcfbd2107393d06d8449f33287a9949679bec2d12fc532df2fecfdedae040
source_uploads/pdfs,source_uploads/pdfs/Бижк 1..pdf,Бижк 1..pdf,44745408,544b6546260af4ad80b6b00a54f1d5103547999894da112baa4c2ce93d29f4cb
source_uploads/pdfs,source_uploads/pdfs/Биок 1..pdf,Биок 1..pdf,34460035,29928769140068b0de29fbf441d05daa19877877bf832a0037b0f990bb533283
source_uploads/pdfs,source_uploads/pdfs/Блак 1.-1.pdf,Блак 1.-1.pdf,49570258,d0317071d108ac92319a4a2afd440290f6b09009a799bad3d869a39731e3e36b
source_uploads/pdfs,source_uploads/pdfs/Блак 1.-2.pdf,Блак 1.-2.pdf,40515633,2d63d33aee9eb8b474bf6a13e7fd3c170789613d65171d6c87f821e3fc81719a
source_uploads/pdfs,source_uploads/pdfs/Блак 1..pdf,Блак 1..pdf,24742237,c8554f6411a9ce863b4b076eaf6cb1f9389b615d84809c6671b3ee03496fa8f6
source_uploads/pdfs,source_uploads/pdfs/Блак ч..pdf,Блак ч..pdf,38389357,e30dd30780267415ded4c83f05991a5a53353222a181af7d87567a4a74ef41ec
source_uploads/pdfs,source_uploads/pdfs/Блок 1.-1.pdf,Блок 1.-1.pdf,27053606,2ef2377b759cda2b77cac22bb8d966241287d2d85d544e70905aa91eca1b6c6e
source_uploads/pdfs,source_uploads/pdfs/Блок 1.-2.pdf,Блок 1.-2.pdf,25213996,66aa1edd903ae8f9991876281776c4267c97de6817aca1f279ea7f0685ba9185
source_uploads/pdfs,source_uploads/pdfs/Блок 1.-3.pdf,Блок 1.-3.pdf,49439177,2cf3ea38f940e75a1acc4906d1db126f7c619d106d113a4a166aead0057cbc1c
source_uploads/pdfs,source_uploads/pdfs/Блок 1.-4.pdf,Блок 1.-4.pdf,35275605,4603426c91aadb510047a140c88755fd865006a3bf42763e8a3833185e19b599
source_uploads/pdfs,source_uploads/pdfs/Блок 1.-5.pdf,Блок 1.-5.pdf,43190838,f231a760ec3e231f76dd86311d90fb50342a575de810d2499b74b9869bc38f0b
source_uploads/pdfs,source_uploads/pdfs/Блок 1.-6.pdf,Блок 1.-6.pdf,29605937,f2bb706e6c49880bfc752b45f9205eb6d5b04e590138012d75652b98912bb838
source_uploads/pdfs,source_uploads/pdfs/Блок 1..pdf,Блок 1..pdf,31059116,df9722f009cd8928b61f37dfc650d9e7ed93b2c8f44d87632c1d1a7c91d82a5b
source_uploads/pdfs,source_uploads/pdfs/Диок 1..pdf,Диок 1..pdf,36669259,318b097b60800e0b6e8b7060029d793fb91de377eca1bc09cd524223eedf45db
source_uploads/pdfs,source_uploads/pdfs/Длок 1.-2.pdf,Длок 1.-2.pdf,23270494,e5c4a941217b33c2d15be8ee6d29f2068f2b63522767431975beabd5862ee278
source_uploads/pdfs,source_uploads/pdfs/Длок 1.-3.pdf,Длок 1.-3.pdf,32516105,72ba6bc8a567e780af9a4fd09b5d27085469ebc383b0b82f5ac46baeb136f63f
source_uploads/pdfs,source_uploads/pdfs/Длок 1.-4.pdf,Длок 1.-4.pdf,62490383,3eaaa02f7ccecafd4484374c078cda8c154390bd396c59256f4d785aba23fc3f
source_uploads/pdfs,source_uploads/pdfs/Длок 1.-5.pdf,Длок 1.-5.pdf,39257867,f513ebbc1fe3fea08d620000ddff36c03fabff43e5ff92af679b4d4ccb6bdedf
source_uploads/pdfs,source_uploads/pdfs/Длок 1..pdf,Длок 1..pdf,25550996,fb2dc70b8e15c0657470673c13fbefc611ac576e5f61af25648852758aaf2a49
source_uploads/pdfs,source_uploads/pdfs/Экзамен по математике Настюшик.pdf,Экзамен по математике Настюшик.pdf,8443618,c4c38f59888607f9c325e1b7efe80dbfc6da3ecafb3ea997576569c2cd0de5b7
source_uploads/pdfs,source_uploads/pdfs/округлить д ближайшего большего целого числа..pdf,округлить д ближайшего большего целого числа..pdf,23845080,d6008355f8140628068433890d682eef73a185db1da206b8331b05631f15249f
tooling/generated_scripts,tooling/generated_scripts/create_day1_followup.py,create_day1_followup.py,8496,28f0da412e033a4ba5c02500a8ef07a2aa94587348e585587d70f19802303d00
tooling/generated_scripts,tooling/generated_scripts/create_day2_child.py,create_day2_child.py,5381,b7069f9fc4201608842a8a7d3f90b1de91113103409f2fe0bc159bba8fd56251
tooling/generated_scripts,tooling/generated_scripts/create_day4_pdfs.py,create_day4_pdfs.py,15806,0bbd26978a7687b0b0f7735b961997c625024c89aaaf04340fba80edf5ecd488
tooling/generated_scripts,tooling/generated_scripts/create_feedback_nastya.py,create_feedback_nastya.py,9531,2716c5fb59f238cfcf70ab1af76d351542a3644cb34bbad880216abad3737625
tooling/generated_scripts,tooling/generated_scripts/create_feedback_pdf.py,create_feedback_pdf.py,9319,fddfeb2f9a49a28c1daa314650b12cb4362dd3682c28c8c533b203ddecf2cfa1
tooling/generated_scripts,tooling/generated_scripts/create_math_pdfs.py,create_math_pdfs.py,13625,85f4ff9d6016e5947793006bc8e3739a1b4df2223b35a0c6294ebd1c933b0488
tooling/generated_scripts,tooling/generated_scripts/make_day2_pdfs.py,make_day2_pdfs.py,11946,9ba8bab13b009b86f0df049ccd5fcc2bb9c0964d5a53485fd825ef660d749f5f
tooling/generated_scripts,tooling/generated_scripts/make_day5_pdfs.py,make_day5_pdfs.py,15156,074a15a8501440d5cf0c4f7532dc99ecb3feb7d365affb81b2738d86d1befb27
